pitch_class,proportion
C,0.13736692673499365
C#,0.04283665579551428
D,0.06881928464438475
D#,0.09776906027729682
E,0.07181519358117931
F,0.10953909802186204
F#,0.024098038956292103
G,0.11634368825334374
G#,0.04291889176972856
A,0.04177992538488125
A#,0.17371035932475695
B,0.07300287725576667
