time_sec,bpm
0.0,78.00007800007802
227.69207999999998,154.000154000154
272.10762,78.00007800007802
